{
    "metadata":{
        "version":3,
        "normals":45,
        "uvs":0,
        "faces":76,
        "vertices":68,
        "generator":"io_three",
        "type":"Geometry"
    },
    "normals":[0,0,1,-0,1,-0,0,1,-0,1,0,-0,1,0,0,-0,-1,0,0,-1,0,-1,0,-0,-1,-0,-0,0,0,1,0,0,1,-0,0,1,0,0,1,-0,0,-1,0,-0,-1,-0,-1,0,0,-1,-0,-1,0,0,-0,1,-0,0,1,-0,0.980797,-0.195032,-0,0.831419,-0.555646,-0,0.555646,-0.831419,-0,0.195032,-0.980797,-0,-0.195032,-0.980797,-0,-0.195032,-0.980797,0,-0.555646,-0.831419,-0,-0.555646,-0.831419,0,-0.831419,-0.555646,-0,-0.831419,-0.555646,0,-0.980797,-0.195032,-0,-0.980797,-0.195032,0,-0.980797,0.195032,-0,-0.831419,0.555646,-0,-0.555646,0.831419,-0,-0.195032,0.980797,-0,0.195032,0.980797,0,0.195032,0.980797,-0,0.555646,0.831419,0,0.555646,0.831419,-0,0.831419,0.555646,0,0.831419,0.555646,-0,0.980797,0.195032,0,0.980797,0.195032,-0,0,0,-1],
    "uvs":[],
    "faces":[32,53,52,51,0,0,0,32,51,50,53,0,0,0,32,54,50,51,1,1,1,32,51,55,54,2,2,2,32,55,51,52,3,3,3,32,52,56,55,4,4,4,32,56,52,53,5,5,5,32,53,57,56,6,6,6,32,57,53,50,7,7,7,32,50,54,57,8,8,8,32,55,59,58,9,9,9,32,58,54,55,9,9,9,32,56,60,59,10,10,10,32,59,55,56,11,11,11,32,57,61,60,10,10,10,32,60,56,57,10,10,10,32,54,58,61,12,12,12,32,61,57,54,10,10,10,32,65,63,64,13,13,13,32,63,65,62,14,14,14,32,58,63,62,15,15,15,32,63,58,59,16,16,16,32,59,64,63,17,17,17,32,64,59,60,8,8,8,32,60,65,64,18,18,18,32,65,60,61,19,19,19,32,61,62,65,3,3,3,32,62,61,58,4,4,4,32,1,16,0,20,20,20,32,16,1,17,20,20,20,32,2,17,1,21,21,21,32,17,2,18,21,21,21,32,3,18,2,22,22,22,32,18,3,19,22,22,22,32,4,19,3,23,23,23,32,19,4,20,23,23,23,32,5,20,4,24,24,24,32,20,5,21,25,25,25,32,6,21,5,26,26,26,32,21,6,22,27,27,27,32,7,22,6,28,28,28,32,22,7,23,29,29,29,32,8,23,7,30,30,30,32,23,8,24,31,31,31,32,9,24,8,32,32,32,32,24,9,25,32,32,32,32,10,25,9,33,33,33,32,25,10,26,33,33,33,32,11,26,10,34,34,34,32,26,11,27,34,34,34,32,12,27,11,35,35,35,32,27,12,28,35,35,35,32,13,28,12,36,36,36,32,28,13,29,37,37,37,32,14,29,13,38,38,38,32,29,14,30,39,39,39,32,15,30,14,40,40,40,32,30,15,31,41,41,41,32,0,31,15,42,42,42,32,0,16,31,43,43,43,32,32,16,17,14,14,14,32,32,17,18,14,14,14,32,32,18,19,14,14,14,32,32,19,20,14,14,14,32,32,20,21,13,13,13,32,32,21,22,13,13,13,32,32,22,23,13,13,13,32,32,23,24,13,13,13,32,32,24,25,13,13,13,32,32,25,26,44,44,44,32,32,26,27,44,44,44,32,32,27,28,44,44,44,32,32,28,29,44,44,44,32,32,29,30,44,44,44,32,32,30,31,44,44,44,32,32,31,16,44,44,44],
    "vertices":[-0.4,2.4,-1,-0.44566,2.4,-1.22962,-0.57574,2.4,-1.42426,-0.77038,2.4,-1.55434,-1,2.4,-1.6,-1.22962,2.4,-1.55434,-1.42426,2.4,-1.42426,-1.55434,2.4,-1.22962,-1.6,2.4,-1,-1.55434,2.4,-0.77038,-1.42426,2.4,-0.57574,-1.22962,2.4,-0.44566,-1,2.4,-0.4,-0.77038,2.4,-0.44566,-0.57574,2.4,-0.57574,-0.44566,2.4,-0.77038,-0.4,2.8,-1,-0.44566,2.8,-1.22962,-0.57574,2.8,-1.42426,-0.77038,2.8,-1.55434,-1,2.8,-1.6,-1.22962,2.8,-1.55434,-1.42426,2.8,-1.42426,-1.55434,2.8,-1.22962,-1.6,2.8,-1,-1.55434,2.8,-0.77038,-1.42426,2.8,-0.57574,-1.22962,2.8,-0.44566,-1,2.8,-0.4,-0.77038,2.8,-0.44566,-0.57574,2.8,-0.57574,-0.44566,2.8,-0.77038,-1,2.8,-1,-0.4,2.4,-1,-0.58,2.4,-0.58,-0.4,2.8,-1,-0.58,2.8,-0.58,-1,2.8,-1,-1,2.4,-0.4,-1,2.8,-0.4,-1.42,2.4,-0.58,-1.42,2.8,-0.58,-1.6,2.4,-1,-1.6,2.8,-1,-1.42,2.4,-1.42,-1.42,2.8,-1.42,-1,2.4,-1.6,-1,2.8,-1.6,-0.58,2.4,-1.42,-0.58,2.8,-1.42,-0.4,2,-1.6,-1.6,2,-1.6,-1.6,2,-0.4,-0.4,2,-0.4,-0.4,-0,-1.6,-1.6,-0,-1.6,-1.6,-0,-0.4,-0.4,-0,-0.4,0,-0,-2,-2,-0,-2,-2,0,0,0,0,0,0,2.4,-2,-2,2.4,-2,-2,2.4,-0,0,2.4,-0,-0.487732,-2.96103,-1.8083,-0.729912,-1.4208,-0.831825],
    "name":"Piece000Geometry.2"
}